Pattern_Class,Precision,Recall,F1-Score,Support
OCD-Pattern,1.0,1.0,1.0,1069
DID-Pattern,0.9987096774193548,0.9980657640232108,0.9983876168977749,3102
Control-Pattern,0.9980059820538385,0.9986697705354174,0.9983377659574468,3007
